DonorID,AddressID,Address,Donor_first_name,Donor_last_name,Date,Time,Amount,Type,VolonteerID
1001,1,115-2501 Littlefield Crescent,John,Walker,12/11/2023,10:02 AM,200,Check,110
1002,2,102-2148 Arbourview Drive,Tom,Jefferson,12/11/2023,10:32 AM,10,Cash,112
1003,3,111-2060 Westmount Drive,Emily,Girard,12/11/2023,11:02 AM,50,Credit Card,112
1004,4,304-1480 Bishops Gate Road,Benjamin,Davis,12/11/2023,11:25 AM,58,Check,113
1005,5,122-2305 Kingfisher Court,Michael,Swift,12/11/2023,12:02 PM,70,Cash,113
1006,6,1597-2363 Copperwood Drive,Jane,Smith,12/11/2023,12:16 PM,165,Check,111
1007,7,330-2434 Glenhampton Road,James,Hernandez,12/11/2023,1:05 PM,30,Check,111
1008,8,771-2028 Shady Glen Road,Isabella,Smith,12/11/2023,1:38 PM,10,Cash,110
1009,9,557-527 Taplow Crescent,Sophia,Johnson,12/11/2023,2:42 PM,150,Credit Card,110
1010,10,331-362 Small Crescent,Mia,Brown,12/11/2023,2:52 PM,300,Credit Card,111
1011,11,1014-9870 West Ham Road,Ava,Martinez,12/11/2023,3:17 PM,40,Cash,112
1012,12,25-1267 Dorval Drive,Alexander,Anderson,12/11/2023,3:29 PM,180,Credit Card,112
1013,13,7609-1267 Charles Cornwall Road,Henry,Pope,12/11/2023,4:05 PM,20,Cash,110
1014,14,10-2093 Shorncliffe Boulevard,Mitchell,Blake,12/11/2023,4:53 PM,205,Credit Card,112
1015,15,888-1108 Vale Place Drive ​,Hazel,Main,12/11/2023,5:07 PM,60,Check,113
1016,16,1019-120 Hay Ave,Emma,Smith,12/12/2023,10:10 AM,60,Cash,115
1017,17,332-359 Melrose St,Liam,Johnson,12/12/2023,10:38 AM,70,Cash,116
1018,18,467-113 Hay Ave,Olivia,Williams,12/12/2023,11:10 AM,10,Check,115
1019,19,554-47 St-George St,Noah,Jones,12/12/2023,11:16 AM,200,Cash,117
1020,20,1236-164 Simpson Ave,Sophia,Brown,12/12/2023,12:10 PM,55,Credit Card,118
1021,21,47-32 O'Donnell Ave,Jackson,Davis,12/12/2023,12:16 PM,60,Check,115
1022,22,102-82 St-George St,Ava,Miller,12/12/2023,1:05 PM,20,Check,117
1023,23,55-76 St-George St,Aiden,Wilson,12/12/2023,1:06 PM,60,Credit Card,117
1024,24,330-12 Willowbrook Rd,Sophia,Moore,12/12/2023,2:06 PM,100,Credit Card,117
1025,25,20-28 Alden Ave,Lucas,Taylor,12/12/2023,2:52 PM,250,Cash,115
1026,26,1568-180 Simpson Ave,Mia,Anderson,12/12/2023,3:07 PM,50,Check,118
1027,27,22-171 Hay Ave,Ethan,Anderson,12/12/2023,3:09 PM,10,Credit Card,115
1028,28,2038-118 Newcastle St,Harper,Jackson,12/12/2023,4:20 PM,5,Cash,116
1029,29,46-25 Harold St,Oliver,White,12/12/2023,4:53 PM,60,Credit Card,116
1030,30,334-280 Melrose St,Isabella,Thomas,12/12/2023,5:20 PM,20,Cash,116
1031,31,101 - 55 Maple Leaf Drive,Emily ,Thompson,12/13/2023,10:45 AM,100,Cash,119
1032,32,202 - 789 Lakeshore Boulevard,Jacob ,Thompson,12/13/2023,11:00 AM,150,Cheque,119
1033,33,303- 213 Willowbank Boulevard,Lily ,Zane ,12/13/2023,11:15 AM,200, Cash  ,119
1034,34,404- 441 Royal York Road,Salah,Brown,12/13/2023,11:25 AM,250,Cash,122
1035,35,505- 632 Sunnylea Avenue,Lana ,Harould,12/13/2023,12:30 PM,120,Credit Card,120
1036,36,606 -87 Humbercrest Boulevard,Benjamin,Squares,12/13/2023,12:55 PM,150,Cheque,120
1037,37,707 -321 Park Lawn Road,Katrina ,Benett,12/13/2023,1:30 PM,160,Cheque,120
1038,38,808- 555 Islington Avenue,Thomas ,Li,12/13/2023,1:50 PM,80,Credit Card,120
1039,39,909- 998 Queensway East,Louis ,Litt,12/13/2023,2:35 PM,100,Cash,122
1040,40,1010- 77 Mimico Avenue,Samantha ,Wheeler ,12/13/2023,2:55 PM,145,Cash,120
1041,41,1111 -456 Lake Shore Boulevard West,Andrew ,Malik ,12/13/2023,3:17 PM,35,Cash,121
1042,42,1212- 234 Prince Edward Drive,Darbey ,Pearson,12/13/2023,3:40 PM,60,Cash,121
1043,43,1313 - 789 Bloor Street West,Ava ,Robinson,12/13/2023,4:05 PM,90,Cash,121
1044,44,1414-  1323 Dundas Street East,Daniel ,Hardman,12/13/2023,4:53 PM,135,Cash,122
1045,45,1515- 654 Kipling Avenue,Sophia ,Martinez,12/13/2023,5:30 PM,255,Cheque,122
1046,46,1616- 876 The Queensway,Lucy ,Wheeler ,12/13/2023,6:00PM,200,Cheque,123
1047,47,1717- 345 Burnhamthorpe Road,Mathew ,Garcia ,12/13/2023,6:30PM,40,Cash,123
1048,48,88-1276 Belleperche Place,William,Harris,01/25/2024,9:32 AM,50,Cash,124
1049,49,3217-98 Telfer Gate,Sophie,Thompson,01/25/2024,10:15 AM,70,Check,125
1050,50,2045-32 Deer Grove Lane,Oliver,Wilson,01/25/2024,11:02 AM,150,Cash,127
1051,51,7702-56 Thistlewood Terrace,Emma,Jones,01/25/2024,12:05 PM,100,Credit Card,129
1052,52,421-89 Graystone Street,Noah,Cooper,01/25/2024,1:20 PM,80,Check,130
1053,53,203-1227 Willson Road,Charlotte,Stewart,01/25/2024,2:14 PM,200,Cash,126
1054,54,1697-40 Wildberry Lane,Daniel,Baker,01/25/2024,3:30 PM,30,Credit Card,128
1055,55,2294-1215 Heatherleigh Avenue,Lily,Garcia,01/25/2024,4:05 PM,45,Check,125
1056,56,862-2314 Maplewood Drive,Jameson,Cooper,01/25/2024,5:30 PM,100,Credit Card,124
1057,57,745-1367 Churchill Road,Ella,Patel,01/26/2024,9:45 AM,40,Cash,129
1058,58,1423-76 Forest Hill Drive,Lucas,Reed,01/26/2024,10:10 AM,55,Check,126
1059,59,2198-98 Stonebridge Court,Liam,White,01/26/2024,11:20 AM,200,Cash,127
1060,60,168-1273 Crescent Road,Grace,Bennett,01/26/2024,12:35 PM,75,Credit Card,125
1061,61,320-879 Birchwood Lane,Aiden,Hall,01/26/2024,1:50 PM,50,Check,128
1062,62,56-98 Briarcrest Place,Avery,Morris,01/26/2024,2:45 PM,150,Cash,130
1063,63,987-123 4 Sunset Blvd,William,Harris,02/08/2024,9:32 AM,25,Cash,131
1064,64,745-654 Ocean Avenue,Sophie,Thompson,02/08/2024,10:15 AM,70,Check,132
1065,65,321-987 Hilltop Lane,Oliver,Wilson,02/08/2024,11:02 AM,150,Cash,134
1066,66,456-321 River Road,Emma,Jones,02/08/2024,12:05 PM,40,Credit,136
1067,67,890-456 Lakeview Drive,Noah,Cooper,02/08/2024,1:20 PM,80,Check,137
1068,68,123-789 Meadow Street,Charlotte,Stewart,02/08/2024,2:14 PM,200,Cash,133
1069,69,567-987 Forest Crescent,Daniel,Baker,02/08/2024,3:30 PM,30,Credit,135
1070,70,876-654 Maple Court,Lily,Garcia,02/08/2024,4:05 PM,45,Check,132
1071,71,234-321 Pine Avenue,Jameson,Cooper,02/08/2024,5:30 PM,90,Credit,131
1072,72,987-987 Birch Lane,Ella,Patel,02/09/2024,9:45 AM,20,Cash,134
1073,73,745-123 Willow Way,Lucas,Reed,02/09/2024,10:10 AM,55,Check,136
1074,74,321-456 Cedar Place,Liam,White,02/09/2024,11:20 AM,120,Cash,134
1075,75,456-890 Elm Drive,Grace,Bennett,02/09/2024,12:35 PM,75,Credit,132
1076,76,890-123 Oak Street,Aiden,Hall,02/09/2024,1:50 PM,30,Check,135
1077,77,123-567 Walnut Avenue,Avery,Morris,02/09/2024,2:45 PM,150,Cash,137
